age,experienceYears,monthlyIncome,jobSatisfaction,workLifeBalance,overtimeHours,yearsAtCompany,promotionYearsAgo,leaveDays,attritionRisk
25,2,30000,4,4,5,2,1,3,LOW
28,4,42000,4,3,8,3,1,4,LOW
32,7,55000,3,3,15,5,2,6,MEDIUM
35,10,65000,3,2,20,6,3,8,MEDIUM
40,15,80000,4,4,10,10,1,5,LOW
45,20,90000,2,2,30,12,5,12,HIGH
29,5,45000,2,2,28,4,3,10,HIGH
31,6,50000,3,3,18,5,2,7,MEDIUM
27,3,35000,4,4,6,2,1,2,LOW
38,12,70000,2,2,32,8,4,11,HIGH
42,17,85000,3,3,16,11,2,6,MEDIUM
26,2,32000,2,2,25,1,1,9,HIGH
34,9,60000,4,3,12,7,2,5,LOW
36,11,68000,3,2,22,7,4,9,MEDIUM
30,5,48000,4,4,7,4,1,3,LOW
41,16,82000,2,1,35,10,6,14,HIGH
33,8,58000,3,3,14,6,2,6,MEDIUM
24,1,28000,4,4,4,1,0,2,LOW
39,14,75000,2,2,30,9,5,12,HIGH
37,12,72000,3,3,17,8,3,7,MEDIUM