attendancePercentage,experienceYears,projectsCompleted,tasksCompleted,previousRating,trainingCompleted,overtimeHours,leaveDays,performanceLevel
95,3,8,90,4.8,5,10,2,HIGH
90,2,6,75,4.2,4,15,4,HIGH
85,4,7,80,4.0,3,20,5,HIGH
78,2,5,65,3.5,3,25,7,MEDIUM
75,1,4,60,3.2,2,30,8,MEDIUM
70,3,4,55,3.0,2,35,10,MEDIUM
65,1,3,45,2.8,1,40,12,LOW
60,2,2,40,2.5,1,45,15,LOW
55,1,2,35,2.2,0,50,18,LOW
92,5,9,95,4.9,6,8,2,HIGH
88,3,6,70,4.1,4,18,5,HIGH
80,2,5,62,3.6,3,22,6,MEDIUM
72,4,4,58,3.1,2,32,9,MEDIUM
68,2,3,48,2.7,1,38,11,LOW
58,1,2,38,2.3,0,48,16,LOW
94,4,8,88,4.7,5,12,3,HIGH
83,3,6,72,3.9,4,20,5,MEDIUM
77,2,4,61,3.4,2,28,7,MEDIUM
63,1,2,42,2.6,1,42,13,LOW
97,6,10,98,5.0,6,5,1,HIGH